INDEX,URI_1,URI_2,org_name_0|null,org_name_0|sqrt,org_name_1|null,org_name_1|sqrt,org_name_2|null,org_name_2|sqrt,org_member_name_0|null,org_member_name_0|sqrt,org_member_name_1|null,org_member_name_1|sqrt,org_member_name_2|null,org_member_name_2|sqrt,org_member_uri_0|null,org_member_uri_0|sqrt,org_member_uri_1|null,org_member_uri_1|sqrt,org_member_uri_2|null,org_member_uri_2|sqrt,org_participated_event_uri_0|null,org_participated_event_uri_0|sqrt,org_participated_event_uri_1|null,org_participated_event_uri_1|sqrt,org_participated_event_uri_2|null,org_participated_event_uri_2|sqrt,TRUTH
1,https://w3id.org/scholarlydata/organisation/cwi,https://w3id.org/scholarlydata/organisation/cwi-amsterdam,0.1666666667,0.4082482905,1,1,1,1,0.2666666667,0.5163977795,0.8,0.894427191,1,1,0.2142857143,0.4629100499,1,1,1,1,0,0,0,0,0,0,1
2,https://w3id.org/scholarlydata/organisation/cnr-istc,https://w3id.org/scholarlydata/organisation/cnr-istc-italy,0.0909090909,0.3015113446,1,1,1,1,0,0,0,0,0,0,0,0,0,0,0,0,0,0,0,0,0,0,1
3,https://w3id.org/scholarlydata/organisation/istc-cnr,https://w3id.org/scholarlydata/organisation/cnr-istc-italy,0.0909090909,0.3015113446,1,1,1,1,0.2941176471,0.5423261445,0.8333333333,0.9128709292,1,1,0.2222222222,0.4714045208,0.6666666667,0.8164965809,1,1,0,0,0,0,0,0,1
4,https://w3id.org/scholarlydata/organisation/fluid-operations-ag,https://w3id.org/scholarlydata/organisation/fluid-operations,0.5,0.7071067812,1,1,1,1,0.1538461538,0.3922322703,1,1,1,1,0.1818181818,0.4264014327,1,1,1,1,0,0,0,0,0,0,1
5,https://w3id.org/scholarlydata/organisation/university-of-freiburg,https://w3id.org/scholarlydata/organisation/freiburg-university,0.25,0.5,1,1,1,1,0.0833333333,0.2886751346,0.2,0.4472135955,1,1,0.0833333333,0.2886751346,0.2,0.4472135955,1,1,0,0,0,0,0,0,1
6,https://w3id.org/scholarlydata/organisation/deri-national-university-of-ireland-galway,https://w3id.org/scholarlydata/organisation/deri-nui-galway,0.0344827586,0.1856953382,1,1,1,1,0,0,0,0,0,0,0,0,0,0,0,0,0,0,0,0,0,0,1
7,https://w3id.org/scholarlydata/organisation/karlsruhe-institute-of-technology-kit,https://w3id.org/scholarlydata/organisation/karlsruhe-institute-of-technology,0.1666666667,0.4082482905,1,1,1,1,0.037037037,0.1924500897,0.5,0.7071067812,1,1,0.0212765957,0.1458649915,0.25,0.5,1,1,0.04,0.2,0.5,0.7071067812,1,1,1
8,https://w3id.org/scholarlydata/organisation/free-university-of-berlin,https://w3id.org/scholarlydata/organisation/freie-universitaet-berlin,0.1428571429,0.377964473,1,1,1,1,0.2857142857,0.5345224838,0.8,0.894427191,1,1,0.2857142857,0.5345224838,0.8571428571,0.9258200998,1,1,0,0,0,0,0,0,1
9,https://w3id.org/scholarlydata/organisation/national-university-of-ireland-galway,https://w3id.org/scholarlydata/organisation/deri-nui-galway,0.0344827586,0.1856953382,1,1,1,1,0.0337078652,0.1835970184,0.4285714286,0.6546536707,1,1,0.0240963855,0.1552301051,0.4,0.632455532,1,1,0,0,0,0,0,0,0
10,https://w3id.org/scholarlydata/organisation/fu-berlin,https://w3id.org/scholarlydata/organisation/freie-universitaet-berlin,0.1428571429,0.377964473,1,1,1,1,0.0384615385,0.1961161351,1,1,1,1,0,0,0,0,0,0,0,0,0,0,0,0,1
11,https://w3id.org/scholarlydata/organisation/cnr,https://w3id.org/scholarlydata/organisation/cnr-istc-italy,0.0909090909,0.3015113446,1,1,1,1,0.1176470588,0.3429971703,0.6666666667,0.8164965809,1,1,0.1176470588,0.3429971703,0.6666666667,0.8164965809,1,1,0,0,0,0,0,0,0
12,https://w3id.org/scholarlydata/organisation/gesis-leibniz-institute-for-the-social-sciences,https://w3id.org/scholarlydata/organisation/university-of-koblenz-landau,0.0833333333,0.2886751346,0.25,0.5,1,1,0.0487804878,0.2208630521,0.1538461538,0.3922322703,1,1,0.0476190476,0.2182178902,0.1538461538,0.3922322703,1,1,0.347826087,0.5897678246,0.7272727273,0.8528028654,1,1,0
13,https://w3id.org/scholarlydata/organisation/eurecom,https://w3id.org/scholarlydata/organisation/institute-eurecom,0.5,0.7071067812,1,1,1,1,0.2,0.4472135955,0.5,0.7071067812,1,1,0.1428571429,0.377964473,0.6666666667,0.8164965809,1,1,0.0833333333,0.2886751346,0.25,0.5,1,1,1
14,https://w3id.org/scholarlydata/organisation/aifb-karlsruhe-institute-of-technology,https://w3id.org/scholarlydata/organisation/institut-aifb-universitaet-karlsruhe,0.0434782609,0.2085144141,1,1,1,1,0.0487804878,0.2208630521,1,1,1,1,0.0606060606,0.246182982,1,1,1,1,0,0,0,0,0,0,1
15,https://w3id.org/scholarlydata/organisation/gesis---leibniz-institute-for-the-social-sciences,https://w3id.org/scholarlydata/organisation/gesis-leibniz-institute-for-the-social-sciences,0.3333333333,0.5773502692,1,1,1,1,0.0714285714,0.2672612419,0.5,0.7071067812,1,1,0.0714285714,0.2672612419,0.5,0.7071067812,1,1,0.0833333333,0.2886751346,0.5,0.7071067812,1,1,1
16,https://w3id.org/scholarlydata/organisation/gesis---leibniz-institute-for-the-social-sciences,https://w3id.org/scholarlydata/organisation/university-of-koblenz-landau,0.1,0.316227766,1,1,1,1,0,0,0,0,0,0,0,0,0,0,0,0,0.0476190476,0.2182178902,0.5,0.7071067812,1,1,0
17,https://w3id.org/scholarlydata/organisation/inria,https://w3id.org/scholarlydata/organisation/inria-rhone-alpes,0.5,0.7071067812,0.5,0.7071067812,1,1,0.1463414634,0.3825460278,0.3,0.5477225575,1,1,0.1428571429,0.377964473,0.4285714286,0.6546536707,1,1,0.09375,0.3061862178,0.2,0.4472135955,1,1,1
18,https://w3id.org/scholarlydata/organisation/knowledge-media-institute-the-open-university,https://w3id.org/scholarlydata/organisation/kmi-the-open-university-uk,0.0833333333,0.2886751346,0.5,0.7071067812,1,1,0.2156862745,0.464420364,0.5238095238,0.7237468645,1,1,0.1538461538,0.3922322703,0.5,0.7071067812,1,1,0,0,0,0,0,0,1
19,https://w3id.org/scholarlydata/organisation/talis-information-limited,https://w3id.org/scholarlydata/organisation/talis,0.25,0.5,1,1,1,1,0.2,0.4472135955,0.5,0.7071067812,1,1,0.1666666667,0.4082482905,1,1,1,1,0,0,0,0,0,0,1
20,https://w3id.org/scholarlydata/organisation/tu-ilmenau,https://w3id.org/scholarlydata/organisation/technische-universitaet-ilmenau,0.5,0.7071067812,1,1,1,1,1,1,1,1,1,1,1,1,1,1,1,1,0,0,0,0,0,0,1
21,https://w3id.org/scholarlydata/organisation/samsung-electronics,https://w3id.org/scholarlydata/organisation/samsung-sisa,0.5,0.7071067812,1,1,1,1,0,0,0,0,0,0,0,0,0,0,0,0,0,0,0,0,0,0,1
22,https://w3id.org/scholarlydata/organisation/university-of-manchester,https://w3id.org/scholarlydata/organisation/university-of-manchester-uk,0.2,0.4472135955,0.5,0.7071067812,1,1,0.2297297297,0.4793012933,0.4857142857,0.6969320524,1,1,0.1944444444,0.4409585518,0.5,0.7071067812,1,1,0,0,0,0,0,0,1
23,https://w3id.org/scholarlydata/organisation/open-university,https://w3id.org/scholarlydata/organisation/kmi-the-open-university-uk,0.0833333333,0.2886751346,1,1,1,1,0.0227272727,0.1507556723,1,1,1,1,0.0227272727,0.1507556723,1,1,1,1,0,0,0,0,0,0,0
24,https://w3id.org/scholarlydata/organisation/university-of-sheffield,https://w3id.org/scholarlydata/organisation/university-of-sheffield-uk,0.3333333333,0.5773502692,1,1,1,1,0.2295081967,0.4790701376,0.8235294118,0.907485213,1,1,0.2166666667,0.4654746681,0.8666666667,0.9309493363,1,1,0,0,0,0,0,0,1
25,https://w3id.org/scholarlydata/organisation/ontology-engineering-group-laboratorio-de-inteligencia-artificial-facultad-de-inform√°tica-universidad-politecnica-de-madrid-,https://w3id.org/scholarlydata/organisation/universidad-politecnica-de-madrid,0.25,0.5,1,1,1,1,0.064516129,0.254000254,0.4,0.632455532,1,1,0.0357142857,0.1889822365,1,1,1,1,0.125,0.3535533906,1,1,1,1,1
26,https://w3id.org/scholarlydata/organisation/kmi-the-open-university,https://w3id.org/scholarlydata/organisation/kmi-the-open-university-uk,0.0833333333,0.2886751346,1,1,1,1,0.2692307692,0.5188745217,0.56,0.7483314774,1,1,0.2692307692,0.5188745217,0.6363636364,0.7977240352,1,1,0,0,0,0,0,0,1
27,https://w3id.org/scholarlydata/organisation/kmi-open-university,https://w3id.org/scholarlydata/organisation/kmi-the-open-university-uk,0.0769230769,0.2773500981,0.5,0.7071067812,1,1,0,0,0,0,0,0,0,0,0,0,0,0,0.0263157895,0.1622214211,1,1,1,1,1
28,https://w3id.org/scholarlydata/organisation/institute-aifb-karlsruhe-institute-of-technology,https://w3id.org/scholarlydata/organisation/institut-aifb-universitaet-karlsruhe,0.0434782609,0.2085144141,1,1,1,1,0.0487804878,0.2208630521,1,1,1,1,0.0303030303,0.174077656,1,1,1,1,0,0,0,0,0,0,1
29,https://w3id.org/scholarlydata/organisation/the-university-of-manchester,https://w3id.org/scholarlydata/organisation/university-of-manchester-uk,0.25,0.5,1,1,1,1,0.0172413793,0.1313064329,1,1,1,1,0.0172413793,0.1313064329,1,1,1,1,0,0,0,0,0,0,1
30,https://w3id.org/scholarlydata/organisation/the-open-university,https://w3id.org/scholarlydata/organisation/kmi-the-open-university-uk,0.0833333333,0.2886751346,1,1,1,1,0.2777777778,0.5270462767,0.5357142857,0.7319250547,1,1,0.2777777778,0.5270462767,0.6,0.7745966692,1,1,0,0,0,0,0,0,1
31,https://w3id.org/scholarlydata/organisation/institute-aifb,https://w3id.org/scholarlydata/organisation/institut-aifb-universitaet-karlsruhe,0.0434782609,0.2085144141,1,1,1,1,0.0975609756,0.3123475238,0.8,0.894427191,1,1,0.0303030303,0.174077656,1,1,1,1,0,0,0,0,0,0,1
32,https://w3id.org/scholarlydata/organisation/universitat-koblenz-landau,https://w3id.org/scholarlydata/organisation/university-of-koblenz-landau,0.1,0.316227766,1,1,1,1,0.0333333333,0.1825741858,1,1,1,1,0.0322580645,0.179605302,1,1,1,1,0.05,0.2236067977,1,1,1,1,1
33,https://w3id.org/scholarlydata/organisation/ontology-engineering-group-universidad-politecnica-de-madrid,https://w3id.org/scholarlydata/organisation/ontology-engineering-group-universidad-politecnica,0.25,0.5,0.3333333333,0.5773502692,1,1,0.125,0.3535533906,0.1666666667,0.4082482905,1,1,0.0714285714,0.2672612419,0.1666666667,0.4082482905,1,1,0.1111111111,0.3333333333,0.3333333333,0.5773502692,1,1,1
34,https://w3id.org/scholarlydata/organisation/max-planck-institut-fur-informatik,https://w3id.org/scholarlydata/organisation/max-planck-institute-for-informatics,0.25,0.5,1,1,1,1,0.04,0.2,1,1,1,1,0.04,0.2,1,1,1,1,0,0,0,0,0,0,1
35,https://w3id.org/scholarlydata/organisation/aifb-university-of-karlsruhe,https://w3id.org/scholarlydata/organisation/institut-aifb-universitaet-karlsruhe,0.0434782609,0.2085144141,1,1,1,1,0.2826086957,0.5316095331,0.619047619,0.7867957925,1,1,0.2,0.4472135955,0.5333333333,0.7302967433,1,1,0,0,0,0,0,0,1
36,https://w3id.org/scholarlydata/organisation/university-of-chile,https://w3id.org/scholarlydata/organisation/universidad-de-chile,0.25,0.5,1,1,1,1,0.1428571429,0.377964473,0.5,0.7071067812,1,1,0.1666666667,0.4082482905,1,1,1,1,0,0,0,0,0,0,1
37,https://w3id.org/scholarlydata/organisation/vu-university-amsterdam,https://w3id.org/scholarlydata/organisation/vrije-universiteit-amsterdam-the-netherlands,0.0714285714,0.2672612419,0.5,0.7071067812,1,1,0.1739130435,0.4170288281,0.5,0.7071067812,1,1,0.1846153846,0.4296689244,0.6315789474,0.7947194142,1,1,0.0238095238,0.15430335,0.3333333333,0.5773502692,1,1,1
38,https://w3id.org/scholarlydata/organisation/vrije-universiteit-amsterdam,https://w3id.org/scholarlydata/organisation/vrije-universiteit-amsterdam-the-netherlands,0.0769230769,0.2773500981,1,1,1,1,0.2692307692,0.5188745217,0.488372093,0.6988362419,1,1,0.25,0.5,0.5135135135,0.7165985721,1,1,0.0208333333,0.1443375673,0.1111111111,0.3333333333,1,1,1
39,https://w3id.org/scholarlydata/organisation/national-institute-of-informatics,https://w3id.org/scholarlydata/organisation/national-institute-of-informatics-japan,0.3333333333,0.5773502692,1,1,1,1,0.1111111111,0.3333333333,0.2857142857,0.5345224838,1,1,0.1052631579,0.3244428423,0.2857142857,0.5345224838,1,1,0,0,0,0,0,0,1
40,https://w3id.org/scholarlydata/organisation/yahoo,https://w3id.org/scholarlydata/organisation/yahoo-inc,0.3333333333,0.5773502692,1,1,1,1,0,0,NaN,NaN,0,0,0,0,NaN,NaN,0,0,0,0,NaN,NaN,0,0,1
41,https://w3id.org/scholarlydata/organisation/dfki-gmbh,https://w3id.org/scholarlydata/organisation/german-research-center-for-artificial-intelligence-dfki,0.1111111111,0.3333333333,1,1,1,1,0.0163934426,0.1280368799,1,1,1,1,0.0175438596,0.1324532357,1,1,1,1,0.0294117647,0.1714985851,1,1,1,1,1
42,https://w3id.org/scholarlydata/organisation/dfki,https://w3id.org/scholarlydata/organisation/german-research-center-for-artificial-intelligence-dfki,0.1111111111,0.3333333333,1,1,1,1,0.0151515152,0.123091491,0.1666666667,0.4082482905,1,1,0.0161290323,0.127000127,0.1666666667,0.4082482905,1,1,0.0294117647,0.1714985851,1,1,1,1,1
43,https://w3id.org/scholarlydata/organisation/vu-amsterdam,https://w3id.org/scholarlydata/organisation/vrije-universiteit-amsterdam-the-netherlands,0.0769230769,0.2773500981,1,1,1,1,0.0161290323,0.127000127,1,1,1,1,0.0172413793,0.1313064329,1,1,1,1,0,0,0,0,0,0,1
44,https://w3id.org/scholarlydata/organisation/german-research-center-for-artificial-intelligence,https://w3id.org/scholarlydata/organisation/german-research-center-for-artificial-intelligence-dfki,0.1111111111,0.3333333333,1,1,1,1,0.015625,0.125,0.25,0.5,1,1,0.0166666667,0.1290994449,0.25,0.5,1,1,0.0285714286,0.1690308509,0.5,0.7071067812,1,1,1
45,https://w3id.org/scholarlydata/organisation/oxford-university,https://w3id.org/scholarlydata/organisation/university-of-oxford,0.25,0.5,1,1,1,1,0.0161290323,0.127000127,1,1,1,1,0.0175438596,0.1324532357,1,1,1,1,0.0285714286,0.1690308509,1,1,1,1,1
46,https://w3id.org/scholarlydata/organisation/vrije-universiteit,https://w3id.org/scholarlydata/organisation/vrije-universiteit-amsterdam-the-netherlands,0.0769230769,0.2773500981,1,1,1,1,0.0161290323,0.127000127,1,1,1,1,0.0172413793,0.1313064329,1,1,1,1,0,0,0,0,0,0,1
47,https://w3id.org/scholarlydata/organisation/cmu,https://w3id.org/scholarlydata/organisation/carnegie-mellon-university,0.25,0.5,1,1,1,1,0.0428571429,0.2070196678,0.2142857143,0.4629100499,1,1,0.0289855072,0.1702513062,0.1818181818,0.4264014327,1,1,0,0,0,0,0,0,1
48,https://w3id.org/scholarlydata/organisation/osaka-university,https://w3id.org/scholarlydata/organisation/osaka-university-japan,0.2,0.4472135955,1,1,1,1,0.3125,0.5590169944,0.7142857143,0.8451542547,1,1,0.2,0.4472135955,0.6666666667,0.8164965809,1,1,0,0,0,0,0,0,1
49,https://w3id.org/scholarlydata/organisation/university-of-leipzig,https://w3id.org/scholarlydata/organisation/universitaet-leipzig,0.25,0.5,1,1,1,1,0.1641791045,0.4051902078,0.4782608696,0.6915640748,1,1,0.1587301587,0.3984095364,0.4761904762,0.6900655593,1,1,0,0,0,0,0,0,1
50,https://w3id.org/scholarlydata/organisation/university-of-queensland,https://w3id.org/scholarlydata/organisation/the-university-of-queensland,0.3333333333,0.5773502692,1,1,1,1,0.1428571429,0.377964473,0.25,0.5,1,1,0.1428571429,0.377964473,0.25,0.5,1,1,0,0,0,0,0,0,1
51,https://w3id.org/scholarlydata/organisation/university-of-helsinki-and-aalto-university-school-of-science,https://w3id.org/scholarlydata/organisation/aalto-university-school-of-science-and-university-of-helsinki,0.2,0.4472135955,0.3333333333,0.5773502692,1,1,0.4,0.632455532,0.5,0.7071067812,1,1,0.2,0.4472135955,0.5,0.7071067812,1,1,0.25,0.5,0.6666666667,0.8164965809,1,1,1
52,https://w3id.org/scholarlydata/organisation/aalto-university,https://w3id.org/scholarlydata/organisation/aalto-university-fi,0.5,0.7071067812,1,1,1,1,0.2222222222,0.4714045208,0.4,0.632455532,1,1,0.1666666667,0.4082482905,0.375,0.6123724357,1,1,0,0,0,0,0,0,1
53,https://w3id.org/scholarlydata/organisation/aalto-university-and-university-of-helsinki,https://w3id.org/scholarlydata/organisation/aalto-university-school-of-science-and-university-of-helsinki,0.3333333333,0.5773502692,1,1,1,1,0.3333333333,0.5773502692,0.5,0.7071067812,1,1,0,0,0,0,0,0,0,0,0,0,0,0,1
54,https://w3id.org/scholarlydata/organisation/linkoeping-university,https://w3id.org/scholarlydata/organisation/linkoepings-universitet,0.25,0.5,0.5,0.7071067812,1,1,0.2727272727,0.5222329679,0.75,0.8660254038,1,1,0.2727272727,0.5222329679,0.75,0.8660254038,1,1,0.0625,0.25,0.25,0.5,1,1,1
55,https://w3id.org/scholarlydata/organisation/fondazione-bruno-kessler,https://w3id.org/scholarlydata/organisation/fbk-irst,0.1666666667,0.4082482905,1,1,1,1,0.28,0.5291502622,0.7,0.8366600265,1,1,0.2916666667,0.5400617249,0.7777777778,0.8819171037,1,1,0.1052631579,0.3244428423,0.4,0.632455532,1,1,1
56,https://w3id.org/scholarlydata/organisation/fondazione-bruno-kessler---fbk-irst,https://w3id.org/scholarlydata/organisation/fbk-irst,0.1666666667,0.4082482905,1,1,1,1,0.0869565217,0.2948839123,1,1,1,1,0.0909090909,0.3015113446,1,1,1,1,0.0625,0.25,1,1,1,1,1
57,https://w3id.org/scholarlydata/organisation/jonkoping-university,https://w3id.org/scholarlydata/organisation/joenkoeping-university,1,1,0.5,0.7071067812,1,1,0.1428571429,0.377964473,0.5,0.7071067812,1,1,0.1428571429,0.377964473,0.5,0.7071067812,1,1,0,0,0,0,0,0,1
58,https://w3id.org/scholarlydata/organisation/linkoping-university,https://w3id.org/scholarlydata/organisation/linkoepings-universitet,0.25,0.5,1,1,1,1,0.2307692308,0.4803844614,0.5,0.7071067812,1,1,0.2307692308,0.4803844614,0.5,0.7071067812,1,1,0,0,0,0,0,0,1
59,https://w3id.org/scholarlydata/organisation/fbk,https://w3id.org/scholarlydata/organisation/fbk-irst,0.1666666667,0.4082482905,1,1,1,1,0.0434782609,0.2085144141,1,1,1,1,0.0454545455,0.2132007164,1,1,1,1,0,0,0,0,0,0,1
60,https://w3id.org/scholarlydata/organisation/mit-csail,https://w3id.org/scholarlydata/organisation/massachusetts-institute-of-technology,0.3333333333,0.5773502692,0.5,0.7071067812,1,1,0.1612903226,0.4016096645,0.3571428571,0.5976143047,1,1,0.1515151515,0.3892494721,0.3846153846,0.6201736729,1,1,0.0740740741,0.272165527,0.1666666667,0.4082482905,1,1,1
61,https://w3id.org/scholarlydata/organisation/mit,https://w3id.org/scholarlydata/organisation/massachusetts-institute-of-technology,0.5,0.7071067812,1,1,1,1,0.12,0.3464101615,0.75,0.8660254038,1,1,0.1153846154,0.3396831102,0.75,0.8660254038,1,1,0,0,0,0,0,0,1
62,https://w3id.org/scholarlydata/organisation/universitat-leipzig,https://w3id.org/scholarlydata/organisation/universitaet-leipzig,0.25,0.5,1,1,1,1,0.0350877193,0.1873171623,0.6666666667,0.8164965809,1,1,0.0377358491,0.1942571725,0.6666666667,0.8164965809,1,1,0,0,0,0,0,0,1
63,https://w3id.org/scholarlydata/organisation/sti-international,https://w3id.org/scholarlydata/organisation/deri-universitaet-innsbruck,0.0714285714,0.2672612419,1,1,1,1,0.0576923077,0.2401922307,0.6,0.7745966692,1,1,0.0377358491,0.1942571725,0.5,0.7071067812,1,1,0,0,0,0,0,0,0
64,https://w3id.org/scholarlydata/organisation/norwegian-university-of-science-and-technology,https://w3id.org/scholarlydata/organisation/ntnu,0.3333333333,0.5773502692,1,1,1,1,0.0714285714,0.2672612419,0.25,0.5,1,1,0.0714285714,0.2672612419,0.25,0.5,1,1,0,0,0,0,0,0,1
65,https://w3id.org/scholarlydata/organisation/sti-innsbruck,https://w3id.org/scholarlydata/organisation/deri-universitaet-innsbruck,0.0714285714,0.2672612419,1,1,1,1,0.0196078431,0.1400280084,1,1,1,1,0.0196078431,0.1400280084,1,1,1,1,0,0,0,0,0,0,0
66,https://w3id.org/scholarlydata/organisation/sti-innsbruck-university-of-innsbruck,https://w3id.org/scholarlydata/organisation/deri-universitaet-innsbruck,0.0714285714,0.2672612419,1,1,1,1,0.0196078431,0.1400280084,1,1,1,1,0.0196078431,0.1400280084,1,1,1,1,0,0,0,0,0,0,0
67,https://w3id.org/scholarlydata/organisation/sapienza-university-of-rome,https://w3id.org/scholarlydata/organisation/sapienza-universita-di-roma,0.1,0.316227766,0.5,0.7071067812,1,1,0.1333333333,0.3651483717,0.8,0.894427191,1,1,0.1333333333,0.3651483717,0.8,0.894427191,1,1,0.1666666667,0.4082482905,0.5714285714,0.755928946,1,1,1
68,https://w3id.org/scholarlydata/organisation/ef-stefan-institute,https://w3id.org/scholarlydata/organisation/jozef-stefan-institute,0.2,0.4472135955,0.5,0.7071067812,1,1,0.2,0.4472135955,0.6,0.7745966692,1,1,0.2,0.4472135955,0.75,0.8660254038,1,1,0.0625,0.25,1,1,1,1,1
69,https://w3id.org/scholarlydata/organisation/school-of-itee-the-university-of-queensland,https://w3id.org/scholarlydata/organisation/the-university-of-queensland,0.3333333333,0.5773502692,1,1,1,1,0.125,0.3535533906,1,1,1,1,0.125,0.3535533906,1,1,1,1,0,0,0,0,0,0,0
70,https://w3id.org/scholarlydata/organisation/university-of-maryland-baltimore-county,https://w3id.org/scholarlydata/organisation/university-of-maryland,0.1,0.316227766,1,1,1,1,0.1034482759,0.3216337605,0.375,0.6123724357,1,1,0.0925925926,0.3042903097,0.3333333333,0.5773502692,1,1,0,0,0,0,0,0,1
71,https://w3id.org/scholarlydata/organisation/university-of-maryland-college-park,https://w3id.org/scholarlydata/organisation/university-of-maryland,0.1,0.316227766,1,1,1,1,0.1206896552,0.3474041669,0.4117647059,0.6416889479,1,1,0.0727272727,0.269679945,0.2666666667,0.5163977795,1,1,0,0,0,0,0,0,1
72,https://w3id.org/scholarlydata/organisation/university-of-wuerzburg,https://w3id.org/scholarlydata/organisation/universitaet-wuerzburg,0.3333333333,0.5773502692,1,1,1,1,0.0909090909,0.3015113446,0.5,0.7071067812,1,1,0.0909090909,0.3015113446,0.5,0.7071067812,1,1,0,0,0,0,0,0,1
73,https://w3id.org/scholarlydata/organisation/university-of-innsbruck,https://w3id.org/scholarlydata/organisation/deri-universitaet-innsbruck,0.0714285714,0.2672612419,1,1,1,1,0.1551724138,0.3939192986,0.5294117647,0.7276068751,1,1,0.1578947368,0.3973597071,0.6,0.7745966692,1,1,0,0,0,0,0,0,1
74,https://w3id.org/scholarlydata/organisation/fzi-research-center-for-information-technology,https://w3id.org/scholarlydata/organisation/fzi-forschungszentrum-informatik,0.125,0.3535533906,1,1,1,1,0,0,0,0,0,0,0,0,0,0,0,0,0,0,0,0,0,0,1
75,https://w3id.org/scholarlydata/organisation/knoesis-center-wright-state-university,https://w3id.org/scholarlydata/organisation/wright-state-university,0.125,0.3535533906,1,1,1,1,0.1153846154,0.3396831102,0.75,0.8660254038,1,1,0.0833333333,0.2886751346,0.6666666667,0.8164965809,1,1,0.0833333333,0.2886751346,1,1,1,1,0
76,https://w3id.org/scholarlydata/organisation/saarland-university,https://w3id.org/scholarlydata/organisation/university-of-saarland,0.3333333333,0.5773502692,1,1,1,1,0,0,0,0,0,0,0,0,0,0,0,0,0,0,0,0,0,0,1
77,https://w3id.org/scholarlydata/organisation/university-of-trento,https://w3id.org/scholarlydata/organisation/university-of-trento-italy,0.2,0.4472135955,1,1,1,1,0.1470588235,0.3834824944,0.3846153846,0.6201736729,1,1,0.1470588235,0.3834824944,0.3846153846,0.6201736729,1,1,0,0,0,0,0,0,1
78,https://w3id.org/scholarlydata/organisation/ibm-corporation,https://w3id.org/scholarlydata/organisation/ibm,1,1,1,1,1,1,0.0576923077,0.2401922307,0.25,0.5,1,1,0.0588235294,0.242535625,0.25,0.5,1,1,0,0,0,0,0,0,1
79,https://w3id.org/scholarlydata/organisation/microsoft-corporation,https://w3id.org/scholarlydata/organisation/microsoft,1,1,1,1,1,1,0,0,0,0,0,0,0,0,0,0,0,0,0.2307692308,0.4803844614,0.5,0.7071067812,1,1,1
80,https://w3id.org/scholarlydata/organisation/dipartimento-di-informatica-universita-di-bari,https://w3id.org/scholarlydata/organisation/university-of-bari,0.1666666667,0.4082482905,1,1,1,1,0.0714285714,0.2672612419,1,1,1,1,0.0909090909,0.3015113446,1,1,1,1,0.0454545455,0.2132007164,1,1,1,1,0
81,https://w3id.org/scholarlydata/organisation/disi-university-of-trento,https://w3id.org/scholarlydata/organisation/university-of-trento-italy,0.2,0.4472135955,1,1,1,1,0.0384615385,0.1961161351,1,1,1,1,0.0384615385,0.1961161351,1,1,1,1,0,0,0,0,0,0,0
82,https://w3id.org/scholarlydata/organisation/tu-vienna,https://w3id.org/scholarlydata/organisation/vienna-university-of-technology,0.1,0.316227766,1,1,1,1,0,0,0,0,0,0,0,0,0,0,0,0,0.0357142857,0.1889822365,1,1,1,1,1
83,https://w3id.org/scholarlydata/organisation/national-technical-university-of-athens,https://w3id.org/scholarlydata/organisation/national-and-technical-university-of-athens,0.25,0.5,1,1,1,1,0.2,0.4472135955,0.6,0.7745966692,1,1,0.2,0.4472135955,0.6,0.7745966692,1,1,0,0,0,0,0,0,1
84,https://w3id.org/scholarlydata/organisation/ibm-tj-watson-research-center,https://w3id.org/scholarlydata/organisation/ibm-watson-research-center,0.1428571429,0.377964473,1,1,1,1,0,0,0,0,0,0,0,0,0,0,0,0,0,0,0,0,0,0,1
85,https://w3id.org/scholarlydata/organisation/ibm-watson,https://w3id.org/scholarlydata/organisation/ibm-watson-research-center,0.1428571429,0.377964473,1,1,1,1,0.0222222222,0.1490711985,0.5,0.7071067812,1,1,0.0181818182,0.1348399725,0.5,0.7071067812,1,1,0.0588235294,0.242535625,0.5,0.7071067812,1,1,1
86,https://w3id.org/scholarlydata/organisation/informazione-disi---university-of-trento,https://w3id.org/scholarlydata/organisation/university-of-trento-italy,0.2,0.4472135955,1,1,1,1,0.0384615385,0.1961161351,1,1,1,1,0.0384615385,0.1961161351,1,1,1,1,0,0,0,0,0,0,0
87,https://w3id.org/scholarlydata/organisation/l3s,https://w3id.org/scholarlydata/organisation/l3s-research-center,0.0666666667,0.2581988897,1,1,1,1,0.0204081633,0.1428571429,1,1,1,1,0.0196078431,0.1400280084,1,1,1,1,0.03125,0.1767766953,1,1,1,1,1
88,https://w3id.org/scholarlydata/organisation/tu-wien,https://w3id.org/scholarlydata/organisation/vienna-university-of-technology,0.1,0.316227766,1,1,1,1,0,0,0,0,0,0,0,0,0,0,0,0,0.0357142857,0.1889822365,1,1,1,1,1
89,https://w3id.org/scholarlydata/organisation/university-of-economics,https://w3id.org/scholarlydata/organisation/university-of-economics-prague,0.5,0.7071067812,1,1,1,1,0.1428571429,0.377964473,0.4,0.632455532,1,1,0.1428571429,0.377964473,1,1,1,1,0.0666666667,0.2581988897,1,1,1,1,1
90,https://w3id.org/scholarlydata/organisation/ibm-t-j-watson-research-center,https://w3id.org/scholarlydata/organisation/ibm-watson-research-center,0.1428571429,0.377964473,1,1,1,1,0,0,0,0,0,0,0,0,0,0,0,0,0,0,0,0,0,0,1
91,https://w3id.org/scholarlydata/organisation/unsw,https://w3id.org/scholarlydata/organisation/university-of-new-south-wales,0.3333333333,0.5773502692,1,1,1,1,0,0,0,0,0,0,0,0,0,0,0,0,0.0769230769,0.2773500981,0.5,0.7071067812,1,1,1
92,https://w3id.org/scholarlydata/organisation/university-mannheim,https://w3id.org/scholarlydata/organisation/university-of-mannheim,0.25,0.5,1,1,1,1,0,0,0,0,0,0,0,0,0,0,0,0,0.0434782609,0.2085144141,1,1,1,1,1
93,https://w3id.org/scholarlydata/organisation/institute-of-computer-science-forth,https://w3id.org/scholarlydata/organisation/forth-ics,0.1666666667,0.4082482905,1,1,1,1,0.0454545455,0.2132007164,1,1,1,1,0.0454545455,0.2132007164,1,1,1,1,0.0416666667,0.2041241452,1,1,1,1,1
94,https://w3id.org/scholarlydata/organisation/dresden-university-of-technology,https://w3id.org/scholarlydata/organisation/tu-dresden,0.5,0.7071067812,1,1,1,1,0.0714285714,0.2672612419,0.5,0.7071067812,1,1,0.0714285714,0.2672612419,1,1,1,1,0,0,0,0,0,0,1
95,https://w3id.org/scholarlydata/organisation/aristotle-university-of-thessaloniki,https://w3id.org/scholarlydata/organisation/aristotle-university-of-thessaloniki-greece,0.5,0.7071067812,1,1,1,1,0.0588235294,0.242535625,0.1666666667,0.4082482905,1,1,0.0588235294,0.242535625,0.1666666667,0.4082482905,1,1,0,0,0,0,0,0,1
96,https://w3id.org/scholarlydata/organisation/university-of-calabria,https://w3id.org/scholarlydata/organisation/deis-university-of-calabria,0.1428571429,0.377964473,0.3333333333,0.5773502692,1,1,0.1818181818,0.4264014327,0.3333333333,0.5773502692,1,1,0.1818181818,0.4264014327,0.3333333333,0.5773502692,1,1,0.0833333333,0.2886751346,0.25,0.5,1,1,0
97,https://w3id.org/scholarlydata/organisation/irit-univ-toulouse-le-mirail,https://w3id.org/scholarlydata/organisation/irit-universite-toulouse-le-mirail,1,1,1,1,1,1,1,1,1,1,1,1,1,1,1,1,1,1,0,0,0,0,0,0,1
98,https://w3id.org/scholarlydata/organisation/mit,https://w3id.org/scholarlydata/organisation/mit-csail,0.5,0.7071067812,1,1,1,1,0.1428571429,0.377964473,0.5,0.7071067812,1,1,0.1333333333,0.3651483717,0.5,0.7071067812,1,1,0,0,0,0,0,0,0
99,https://w3id.org/scholarlydata/organisation/informatica-trentina,https://w3id.org/scholarlydata/organisation/informatica-trentina-s-p-a,0.5,0.7071067812,1,1,1,1,0.6666666667,0.8164965809,1,1,1,1,0.6666666667,0.8164965809,1,1,1,1,0,0,0,0,0,0,1
100,https://w3id.org/scholarlydata/organisation/shanghai-jiao-tong-university,https://w3id.org/scholarlydata/organisation/shanghai-jiao-tong-university-china,0.25,0.5,1,1,1,1,0.1666666667,0.4082482905,0.28,0.5291502622,1,1,0.1458333333,0.3818813079,0.28,0.5291502622,1,1,0.1428571429,0.377964473,0.4,0.632455532,1,1,1
101,https://w3id.org/scholarlydata/organisation/university-of-duisburg-essen,https://w3id.org/scholarlydata/organisation/universitaet-duisburg-essen,1,1,1,1,1,1,0.2857142857,0.5345224838,0.5,0.7071067812,1,1,0.1666666667,0.4082482905,0.3333333333,0.5773502692,1,1,0,0,0,0,0,0,1
102,https://w3id.org/scholarlydata/organisation/department-of-computer-science-tsinghua-university,https://w3id.org/scholarlydata/organisation/tsinghua-university,0.1428571429,0.377964473,1,1,1,1,0.0222222222,0.1490711985,1,1,1,1,0.0178571429,0.133630621,1,1,1,1,0.0555555556,0.2357022604,1,1,1,1,1
103,https://w3id.org/scholarlydata/organisation/friedrich-schiller-university-of-jena,https://w3id.org/scholarlydata/organisation/university-of-jena-germany,0.1666666667,0.4082482905,1,1,1,1,0.1666666667,0.4082482905,1,1,1,1,0.1428571429,0.377964473,1,1,1,1,0,0,0,0,0,0,1
104,https://w3id.org/scholarlydata/organisation/mitre,https://w3id.org/scholarlydata/organisation/the-mitre-corporation,0.3333333333,0.5773502692,1,1,1,1,0.0588235294,0.242535625,1,1,1,1,0.0303030303,0.174077656,1,1,1,1,0,0,0,0,0,0,1
105,https://w3id.org/scholarlydata/organisation/university-of-seville,https://w3id.org/scholarlydata/organisation/universidad-de-sevilla,0.5,0.7071067812,1,1,1,1,0.1428571429,0.377964473,1,1,1,1,0.1428571429,0.377964473,1,1,1,1,0,0,0,0,0,0,1
106,https://w3id.org/scholarlydata/organisation/delft-university-of-technology,https://w3id.org/scholarlydata/organisation/tu-delft,0.5,0.7071067812,1,1,1,1,0.1818181818,0.4264014327,0.6666666667,0.8164965809,1,1,0.1818181818,0.4264014327,0.6666666667,0.8164965809,1,1,0.2,0.4472135955,0.5,0.7071067812,1,1,1
107,https://w3id.org/scholarlydata/organisation/university-of-applied-science-northweastern-switzerland,https://w3id.org/scholarlydata/organisation/university-of-applied-sciences-northwestern-switzerland,0.25,0.5,1,1,1,1,1,1,1,1,1,1,1,1,1,1,1,1,0,0,0,0,0,0,1
108,https://w3id.org/scholarlydata/organisation/engineering-ingegneria-informatica,https://w3id.org/scholarlydata/organisation/engineering-ingegneria-informatica-spa,0.5,0.7071067812,1,1,1,1,0.5,0.7071067812,1,1,1,1,0.5,0.7071067812,1,1,1,1,0,0,0,0,0,0,1
109,https://w3id.org/scholarlydata/organisation/siemens-ag,https://w3id.org/scholarlydata/organisation/siemens,0.3333333333,0.5773502692,1,1,1,1,0.0416666667,0.2041241452,0.5,0.7071067812,1,1,0.0454545455,0.2132007164,0.5,0.7071067812,1,1,0.0833333333,0.2886751346,1,1,1,1,1
110,https://w3id.org/scholarlydata/organisation/university-of-nantes---lina,https://w3id.org/scholarlydata/organisation/university-of-nantes,0.25,0.5,1,1,1,1,0.0769230769,0.2773500981,1,1,1,1,0.0769230769,0.2773500981,1,1,1,1,0.0909090909,0.3015113446,1,1,1,1,0
111,https://w3id.org/scholarlydata/organisation/university-of-naples-federico-ii,https://w3id.org/scholarlydata/organisation/universita-federico-ii-di-napoli,0.2,0.4472135955,1,1,1,1,0.5,0.7071067812,1,1,1,1,0.5,0.7071067812,1,1,1,1,0,0,0,0,0,0,1
112,https://w3id.org/scholarlydata/organisation/friedrich-schiller-university-jena,https://w3id.org/scholarlydata/organisation/university-of-jena-germany,0.1666666667,0.4082482905,1,1,1,1,0.1666666667,0.4082482905,1,1,1,1,0.1428571429,0.377964473,1,1,1,1,0,0,0,0,0,0,1
113,https://w3id.org/scholarlydata/organisation/university-of-the-basque-country,https://w3id.org/scholarlydata/organisation/basque-country-university,0.5,0.7071067812,1,1,1,1,0.0434782609,0.2085144141,1,1,1,1,0.0434782609,0.2085144141,1,1,1,1,0,0,0,0,0,0,1
114,https://w3id.org/scholarlydata/organisation/university-of-helsinki-and-aalto-university-school-of-science,https://w3id.org/scholarlydata/organisation/aalto-university-and-university-of-helsinki,0.3333333333,0.5773502692,1,1,1,1,0.25,0.5,0.5,0.7071067812,1,1,0.25,0.5,1,1,1,1,0,0,0,0,0,0,1
115,https://w3id.org/scholarlydata/organisation/linkoeping-university,https://w3id.org/scholarlydata/organisation/linkoping-university,1,1,1,1,1,1,0.4285714286,0.6546536707,0.75,0.8660254038,1,1,0.4285714286,0.6546536707,0.75,0.8660254038,1,1,0,0,0,0,0,0,1
116,https://w3id.org/scholarlydata/organisation/yahoo-laboratories,https://w3id.org/scholarlydata/organisation/yahoo-labs,1,1,0.6666666667,0.8164965809,1,1,0.0256410256,0.1601281538,0.5,0.7071067812,1,1,0.0238095238,0.15430335,0.5,0.7071067812,1,1,0.125,0.3535533906,0.3333333333,0.5773502692,1,1,1
117,https://w3id.org/scholarlydata/organisation/bt-innovate,https://w3id.org/scholarlydata/organisation/bt,0.5,0.7071067812,1,1,1,1,0.2857142857,0.5345224838,1,1,1,1,0.4,0.632455532,1,1,1,1,0,0,0,0,0,0,1
118,https://w3id.org/scholarlydata/organisation/google,https://w3id.org/scholarlydata/organisation/google-inc,0.3333333333,0.5773502692,1,1,1,1,0.0253164557,0.1591114568,1,1,1,1,0.0222222222,0.1490711985,1,1,1,1,0,0,0,0,0,0,1
119,https://w3id.org/scholarlydata/organisation/oracle,https://w3id.org/scholarlydata/organisation/oracle-corporation,0.5,0.7071067812,1,1,1,1,0.2307692308,0.4803844614,0.5,0.7071067812,1,1,0.1764705882,0.4200840252,0.3,0.5477225575,1,1,0.0909090909,0.3015113446,0.2,0.4472135955,1,1,1
120,https://w3id.org/scholarlydata/organisation/knoesis-wright-state-university,https://w3id.org/scholarlydata/organisation/kno-e-sis-wright-state-university,0.5,0.7071067812,1,1,1,1,0.0909090909,0.3015113446,0.5,0.7071067812,1,1,0.1,0.316227766,0.5,0.7071067812,1,1,0,0,0,0,0,0,1
121,https://w3id.org/scholarlydata/organisation/technische-universitaet-muenchen,https://w3id.org/scholarlydata/organisation/technical-university-of-munich,0.3333333333,0.5773502692,1,1,1,1,0.25,0.5,1,1,1,1,0.25,0.5,1,1,1,1,0,0,0,0,0,0,1
122,https://w3id.org/scholarlydata/organisation/ibm-almaden-research-center,https://w3id.org/scholarlydata/organisation/ibm-research-almaden,0.3333333333,0.5773502692,0.5,0.7071067812,1,1,0.0555555556,0.2357022604,0.5,0.7071067812,1,1,0.0625,0.25,0.5,0.7071067812,1,1,0.125,0.3535533906,0.5,0.7071067812,1,1,1
123,https://w3id.org/scholarlydata/organisation/dipartimento-di-informatica-university-of-bari,https://w3id.org/scholarlydata/organisation/dipartimento-di-informatica---university-of-bari,1,1,1,1,1,1,1,1,1,1,1,1,1,1,1,1,1,1,0,0,0,0,0,0,1
124,https://w3id.org/scholarlydata/organisation/ibm-t-j-watson-research,https://w3id.org/scholarlydata/organisation/ibm-tj-watson-research,1,1,1,1,1,1,1,1,1,1,1,1,1,1,1,1,1,1,0,0,0,0,0,0,1
125,https://w3id.org/scholarlydata/organisation/seevl-net-mdg-web-ltd,https://w3id.org/scholarlydata/organisation/seevlnet-mdg-web-ltd,1,1,1,1,1,1,1,1,1,1,1,1,1,1,1,1,1,1,0,0,0,0,0,0,1
126,https://w3id.org/scholarlydata/organisation/zaporozhye-national-university,https://w3id.org/scholarlydata/organisation/zaporozhye-national-univ,0.5,0.7071067812,1,1,1,1,0.5,0.7071067812,1,1,1,1,0.5,0.7071067812,1,1,1,1,0,0,0,0,0,0,1
127,https://w3id.org/scholarlydata/organisation/,https://w3id.org/scholarlydata/organisation/national-technical-university-of-athens-ntua,0.1428571429,0.377964473,0.5,0.7071067812,1,1,0.0588235294,0.242535625,0.5,0.7071067812,1,1,0.0625,0.25,0.5,0.7071067812,1,1,0.1666666667,0.4082482905,0.3333333333,0.5773502692,1,1,0
128,https://w3id.org/scholarlydata/organisation/citec-universitaet-bielefeld,https://w3id.org/scholarlydata/organisation/citec-universitat-bielefeld,1,1,1,1,1,1,1,1,1,1,1,1,1,1,1,1,1,1,0,0,0,0,0,0,1
129,https://w3id.org/scholarlydata/organisation/europeana-vu-university-amsterdam,https://w3id.org/scholarlydata/organisation/europeana--vu-university-amsterdam,1,1,1,1,1,1,1,1,1,1,1,1,1,1,1,1,1,1,0,0,0,0,0,0,1
130,https://w3id.org/scholarlydata/organisation/inria-sophia-antipolis-mediterranee,https://w3id.org/scholarlydata/organisation/inria-sophia-antipolis---mediterranee,0.5,0.7071067812,1,1,1,1,0.5,0.7071067812,1,1,1,1,0.5,0.7071067812,1,1,1,1,0,0,0,0,0,0,1
131,https://w3id.org/scholarlydata/organisation/the-open-university-knowledge-media-institute,https://w3id.org/scholarlydata/organisation/the-open-university---knowledge-media-institute,1,1,1,1,1,1,1,1,1,1,1,1,1,1,1,1,1,1,0,0,0,0,0,0,1
132,https://w3id.org/scholarlydata/organisation/university-of-amsterdam,https://w3id.org/scholarlydata/organisation/universiteit-van-amsterdam,0.3333333333,0.5773502692,1,1,1,1,0.1379310345,0.3713906764,0.3333333333,0.5773502692,1,1,0.1428571429,0.377964473,0.3333333333,0.5773502692,1,1,0,0,0,0,0,0,1
133,https://w3id.org/scholarlydata/organisation/university-of-applied-sciences-st-poelten,https://w3id.org/scholarlydata/organisation/university-of-applied-sciences-st-polten,1,1,1,1,1,1,1,1,1,1,1,1,1,1,1,1,1,1,0,0,0,0,0,0,1
134,https://w3id.org/scholarlydata/organisation/university-pantheon-sorbonne-paris-i,https://w3id.org/scholarlydata/organisation/university-pantheon---sorbonne-paris-i,1,1,1,1,1,1,1,1,1,1,1,1,1,1,1,1,1,1,0,0,0,0,0,0,1
135,https://w3id.org/scholarlydata/organisation/vienna-university-of-economics-and-business-wu-wien,https://w3id.org/scholarlydata/organisation/vienna-university-of-economics-and-business---wu-wien,1,1,1,1,1,1,1,1,1,1,1,1,1,1,1,1,1,1,0,0,0,0,0,0,1
136,https://w3id.org/scholarlydata/organisation/universite-catholique-de-louvain,https://w3id.org/scholarlydata/organisation/fnrs-universilte-catholique-de-louvain,0.3333333333,0.5773502692,0.5,0.7071067812,1,1,0,0,0,0,0,0,0,0,0,0,0,0,0,0,0,0,0,0,0
137,https://w3id.org/scholarlydata/organisation/technische-universitat-dresden,https://w3id.org/scholarlydata/organisation/technische-universitaet-dresden,1,1,1,1,1,1,0.2,0.4472135955,0.5,0.7071067812,1,1,0.2,0.4472135955,0.5,0.7071067812,1,1,0,0,0,0,0,0,1
138,https://w3id.org/scholarlydata/organisation/universitat-bremen,https://w3id.org/scholarlydata/organisation/university-of-bremen,0.5,0.7071067812,1,1,1,1,0,0,0,0,0,0,0,0,0,0,0,0,0,0,0,0,0,0,1
139,https://w3id.org/scholarlydata/organisation/,https://w3id.org/scholarlydata/organisation/universidade-federal-de-pernambuco-ufpe,0.1666666667,0.4082482905,1,1,1,1,0.0625,0.25,1,1,1,1,0.0666666667,0.2581988897,1,1,1,1,0,0,0,0,0,0,0
140,https://w3id.org/scholarlydata/organisation/,https://w3id.org/scholarlydata/organisation/vienna-university-of-economy-and-business-wu,0.1666666667,0.4082482905,1,1,1,1,0.0625,0.25,1,1,1,1,0.0666666667,0.2581988897,1,1,1,1,0,0,0,0,0,0,0
141,https://w3id.org/scholarlydata/organisation/inserm-umrs-872-eq-20-15-rue-de-l-ecole-de-medecine-75006-paris-france,https://w3id.org/scholarlydata/organisation/ecole-de-medecine-75006-paris-france,1,1,1,1,1,1,1,1,1,1,1,1,1,1,1,1,1,1,0,0,0,0,0,0,1
142,https://w3id.org/scholarlydata/organisation/ontology-engineering-group-universidad-politecnica-de-madrid,https://w3id.org/scholarlydata/organisation/ontology-engineering-group---universidad-politecnica-de-madrid,0.5,0.7071067812,1,1,1,1,0.1,0.316227766,0.5,0.7071067812,1,1,0.1111111111,0.3333333333,1,1,1,1,0.25,0.5,0.5,0.7071067812,1,1,1
143,https://w3id.org/scholarlydata/organisation/universite-paris-13-cnr-istc,https://w3id.org/scholarlydata/organisation/universite-paris-13--cnr-istc,1,1,1,1,1,1,1,1,1,1,1,1,1,1,1,1,1,1,0,0,0,0,0,0,1
144,https://w3id.org/scholarlydata/organisation/dfki--w3c-fellow,https://w3id.org/scholarlydata/organisation/dfki---w3c-fellow,1,1,1,1,1,1,1,1,1,1,1,1,1,1,1,1,1,1,0,0,0,0,0,0,1
145,https://w3id.org/scholarlydata/organisation/liasensma,https://w3id.org/scholarlydata/organisation/lias-ensma,1,1,1,1,1,1,0.25,0.5,0.5,0.7071067812,1,1,0.25,0.5,0.5,0.7071067812,1,1,0,0,0,0,0,0,1
146,https://w3id.org/scholarlydata/organisation/puc-rio,https://w3id.org/scholarlydata/organisation/puc---rio,1,1,1,1,1,1,1,1,1,1,1,1,1,1,1,1,1,1,0,0,0,0,0,0,1
147,https://w3id.org/scholarlydata/organisation/bristol-university,https://w3id.org/scholarlydata/organisation/university-of-bristol,0.3333333333,0.5773502692,1,1,1,1,0.1,0.316227766,0.25,0.5,1,1,0.1,0.316227766,0.25,0.5,1,1,0,0,0,0,0,0,1
148,https://w3id.org/scholarlydata/organisation/kdz-centre-for-public-administration-research,https://w3id.org/scholarlydata/organisation/nist,0.5,0.7071067812,1,1,1,1,0,0,0,0,0,0,0,0,0,0,0,0,0,0,0,0,0,0,0
149,https://w3id.org/scholarlydata/organisation/harvard-medical-school,https://w3id.org/scholarlydata/organisation/harvard-medical-school-department-of-neuro,0.5,0.7071067812,1,1,1,1,0,0,0,0,0,0,0,0,0,0,0,0,0,0,0,0,0,0,0
150,https://w3id.org/scholarlydata/organisation/the-university-of-arizona,https://w3id.org/scholarlydata/organisation/university-of-arizona,0.5,0.7071067812,1,1,1,1,0.25,0.5,0.5,0.7071067812,1,1,0.2,0.4472135955,0.5,0.7071067812,1,1,0,0,0,0,0,0,1
151,https://w3id.org/scholarlydata/organisation/at-t,https://w3id.org/scholarlydata/organisation/att,1,1,1,1,1,1,0,0,0,0,0,0,0,0,0,0,0,0,0,0,0,0,0,0,1
152,https://w3id.org/scholarlydata/organisation/university-of-luebeck,https://w3id.org/scholarlydata/organisation/university-of-lubeck,1,1,1,1,1,1,0,0,0,0,0,0,0,0,0,0,0,0,0,0,0,0,0,0,1
153,https://w3id.org/scholarlydata/organisation/ibm-research-tokyo,https://w3id.org/scholarlydata/organisation/ibm-tokyo-research-laboratory,1,1,1,1,1,1,0,0,0,0,0,0,0,0,0,0,0,0,0,0,0,0,0,0,1
154,https://w3id.org/scholarlydata/organisation/ecole-des-mines-de-saint-etienne,https://w3id.org/scholarlydata/organisation/ecole-nationale-superieure-des-mines-de-saint-etienne,0.3333333333,0.5773502692,0.5,0.7071067812,1,1,1,1,1,1,1,1,1,1,1,1,1,1,0.1428571429,0.377964473,0.3333333333,0.5773502692,1,1,1
155,https://w3id.org/scholarlydata/organisation/isoco-sa,https://w3id.org/scholarlydata/organisation/isoco-s-a,0.3333333333,0.5773502692,1,1,1,1,0.1176470588,0.3429971703,0.1428571429,0.377964473,1,1,0.1176470588,0.3429971703,0.25,0.5,1,1,0,0,0,0,0,0,1
156,https://w3id.org/scholarlydata/organisation/centria-universidade-nova-de-lisboa,https://w3id.org/scholarlydata/organisation/universidade-nova-de-lisboa,0.2,0.4472135955,0.5,0.7071067812,1,1,0.3636363636,0.6030226892,0.6666666667,0.8164965809,1,1,0.3,0.5477225575,0.75,0.8660254038,1,1,0.0833333333,0.2886751346,0.5,0.7071067812,1,1,1
157,https://w3id.org/scholarlydata/organisation/inria-sophia,https://w3id.org/scholarlydata/organisation/inria-sophia-antipolis,0.3333333333,0.5773502692,1,1,1,1,0.25,0.5,0.6666666667,0.8164965809,1,1,0.2222222222,0.4714045208,0.6666666667,0.8164965809,1,1,0,0,0,0,0,0,1
158,https://w3id.org/scholarlydata/organisation/bell-labs-alcatel-lucent,https://w3id.org/scholarlydata/organisation/bell-labs,0.3333333333,0.5773502692,1,1,1,1,0.0909090909,0.3015113446,0.3333333333,0.5773502692,1,1,0.0909090909,0.3015113446,0.3333333333,0.5773502692,1,1,0.125,0.3535533906,1,1,1,1,1
159,https://w3id.org/scholarlydata/organisation/epimorphics,https://w3id.org/scholarlydata/organisation/epimorphics-ltd,0.3333333333,0.5773502692,1,1,1,1,0,0,NaN,NaN,0,0,0,0,NaN,NaN,0,0,0,0,NaN,NaN,0,0,1
160,https://w3id.org/scholarlydata/organisation/university-of-lyon,https://w3id.org/scholarlydata/organisation/universite-de-lyon,0.5,0.7071067812,1,1,1,1,0,0,0,0,0,0,0,0,0,0,0,0,0,0,0,0,0,0,1
161,https://w3id.org/scholarlydata/organisation/ibm-china-research-laboratory,https://w3id.org/scholarlydata/organisation/ibm-china-research-lab,0.1428571429,0.377964473,0.5,0.7071067812,1,1,0.0666666667,0.2581988897,0.6666666667,0.8164965809,1,1,0.0666666667,0.2581988897,0.6666666667,0.8164965809,1,1,0.0769230769,0.2773500981,0.5,0.7071067812,1,1,1
162,https://w3id.org/scholarlydata/organisation/swiss-federal-institute-for-forest-snow-and-landscape-research,https://w3id.org/scholarlydata/organisation/swiss-federal-institute-for-forest,0.3333333333,0.5773502692,1,1,1,1,0.5,0.7071067812,1,1,1,1,0.3333333333,0.5773502692,1,1,1,1,0,0,0,0,0,0,1
163,https://w3id.org/scholarlydata/organisation/institute-for-scientific-interchange-foundation,https://w3id.org/scholarlydata/organisation/institute-for-scientific-interchange-isi-foundation,1,1,1,1,1,1,0.6666666667,0.8164965809,1,1,1,1,0.6666666667,0.8164965809,1,1,1,1,0,0,0,0,0,0,1
164,https://w3id.org/scholarlydata/organisation/university-of-jyvaeskylae,https://w3id.org/scholarlydata/organisation/university-of-jyvaskyla,1,1,1,1,1,1,0,0,0,0,0,0,0,0,0,0,0,0,0,0,0,0,0,0,1
165,https://w3id.org/scholarlydata/organisation/hong-kong-university-of-science-and-technology,https://w3id.org/scholarlydata/organisation/hkust,0.2,0.4472135955,1,1,1,1,0.0833333333,0.2886751346,0.5,0.7071067812,1,1,0.0833333333,0.2886751346,0.5,0.7071067812,1,1,0,0,0,0,0,0,1
166,https://w3id.org/scholarlydata/organisation/national-centre-for-text-mining-university-of-manc,https://w3id.org/scholarlydata/organisation/national-centre-for-text-mining-university-of-manchester,1,1,1,1,1,1,0,0,0,0,0,0,0,0,0,0,0,0,1,1,1,1,1,1,1
167,https://w3id.org/scholarlydata/organisation/universita-di-torino,https://w3id.org/scholarlydata/organisation/universite-di-torino,0.5,0.7071067812,1,1,1,1,0,0,0,0,0,0,0,0,0,0,0,0,0,0,0,0,0,0,1
168,https://w3id.org/scholarlydata/organisation/leibniz-university-hannover,https://w3id.org/scholarlydata/organisation/leibniz-universitat-hannover,0.3333333333,0.5773502692,1,1,1,1,0,0,0,0,0,0,0,0,0,0,0,0,0,0,0,0,0,0,1
169,https://w3id.org/scholarlydata/organisation/shippensburg-university,https://w3id.org/scholarlydata/organisation/ibm,0,0,0,0,0,0,0,0,0,0,0,0,0,0,0,0,0,0,0,0,0,0,0,0,0
170,https://w3id.org/scholarlydata/organisation/federal-university-of-espirito-santo,https://w3id.org/scholarlydata/organisation/university-of-vigo,0,0,0,0,0,0,0,0,0,0,0,0,0,0,0,0,0,0,0,0,0,0,0,0,0
171,https://w3id.org/scholarlydata/organisation/huawei-technologies-co-ltd,https://w3id.org/scholarlydata/organisation/vrije-universiteit-amsterdam-fac-sciences-dept-computer-science,0,0,0,0,0,0,0,0,0,0,0,0,0,0,0,0,0,0,0,0,0,0,0,0,0
172,https://w3id.org/scholarlydata/organisation/university-of-rennes,https://w3id.org/scholarlydata/organisation/the-institute-of-scientific-and-industrial-research-isir-osaka-university,0,0,0,0,0,0,0,0,0,0,0,0,0,0,0,0,0,0,0,0,0,0,0,0,0
173,https://w3id.org/scholarlydata/organisation/florida-international-university,https://w3id.org/scholarlydata/organisation/national-ict-australia,0,0,0,0,0,0,0,0,0,0,0,0,0,0,0,0,0,0,0,0,0,0,0,0,0
174,https://w3id.org/scholarlydata/organisation/university-of-cagliari,https://w3id.org/scholarlydata/organisation/johannes-kepler-university-linz-austria,0,0,0,0,0,0,0,0,0,0,0,0,0,0,0,0,0,0,0,0,0,0,0,0,0
175,https://w3id.org/scholarlydata/organisation/institute-of-automation-chinese-academy-of-science,https://w3id.org/scholarlydata/organisation/vassar-college,0,0,0,0,0,0,0,0,0,0,0,0,0,0,0,0,0,0,0,0,0,0,0,0,0
176,https://w3id.org/scholarlydata/organisation/hasso-plattner-institute,https://w3id.org/scholarlydata/organisation/department-of-computer-science-and-technology-school-of-computer-national-university-of-defense-technology-china,0,0,0,0,0,0,0,0,0,0,0,0,0,0,0,0,0,0,0,0,0,0,0,0,0
177,https://w3id.org/scholarlydata/organisation/google-research,https://w3id.org/scholarlydata/organisation/universit-de-technologie-de-troyes-utt,0,0,0,0,0,0,0,0,0,0,0,0,0,0,0,0,0,0,0,0,0,0,0,0,0
178,https://w3id.org/scholarlydata/organisation/university-of-west-bohemia,https://w3id.org/scholarlydata/organisation/vienna-university-of-economics-and-business-wu-wien,0,0,0,0,0,0,0,0,0,0,0,0,0,0,0,0,0,0,0,0,0,0,0,0,0
179,https://w3id.org/scholarlydata/organisation/laas-cnrs,https://w3id.org/scholarlydata/organisation/philips-research,0,0,0,0,0,0,0,0,0,0,0,0,0,0,0,0,0,0,0,0,0,0,0,0,0
180,https://w3id.org/scholarlydata/organisation/university-of-roma-tor-vergata,https://w3id.org/scholarlydata/organisation/fraunhofer-institute-of-applied-information-technology,0,0,0,0,0,0,0,0,0,0,0,0,0,0,0,0,0,0,0,0,0,0,0,0,0
181,https://w3id.org/scholarlydata/organisation/school-of-informatics-computing-indiana-university-bloomington,https://w3id.org/scholarlydata/organisation/dfki---w3c-fellow,0,0,0,0,0,0,0,0,0,0,0,0,0,0,0,0,0,0,0,0,0,0,0,0,0
182,https://w3id.org/scholarlydata/organisation/simon-fraser-university,https://w3id.org/scholarlydata/organisation/school-of-media-science-tokyo-university-of-techno,0,0,0,0,0,0,0,0,0,0,0,0,0,0,0,0,0,0,0,0,0,0,0,0,0
183,https://w3id.org/scholarlydata/organisation/professor-at-the-university-of-oslo,https://w3id.org/scholarlydata/organisation/graduate-school-of-information-science-japan-advanced-institute-of-science-and-technology,0,0,0,0,0,0,0,0,0,0,0,0,0,0,0,0,0,0,0,0,0,0,0,0,0
184,https://w3id.org/scholarlydata/organisation/siemens-ag-osterreich,https://w3id.org/scholarlydata/organisation/inria-loria-nancy-grand-est,0,0,0,0,0,0,0,0,0,0,0,0,0,0,0,0,0,0,0,0,0,0,0,0,0
185,https://w3id.org/scholarlydata/organisation/raytheon-company,https://w3id.org/scholarlydata/organisation/charles-iii-university-of-madrid,0,0,0,0,0,0,0,0,0,0,0,0,0,0,0,0,0,0,0,0,0,0,0,0,0
186,https://w3id.org/scholarlydata/organisation/information-extraction-transport-inc,https://w3id.org/scholarlydata/organisation/university-of-yamanashi,0,0,0,0,0,0,0,0,0,0,0,0,0,0,0,0,0,0,0,0,0,0,0,0,0
187,https://w3id.org/scholarlydata/organisation/university-paris-7,https://w3id.org/scholarlydata/organisation/information-sciences-institute-university-of-southern-california,0,0,0,0,0,0,0,0,0,0,0,0,0,0,0,0,0,0,0,0,0,0,0,0,0
188,https://w3id.org/scholarlydata/organisation/modul-university,https://w3id.org/scholarlydata/organisation/australian-proteome-analysis-facility,0,0,0,0,0,0,0,0,0,0,0,0,0,0,0,0,0,0,0,0,0,0,0,0,0
189,https://w3id.org/scholarlydata/organisation/homi-bhabha-centre-for-science-education,https://w3id.org/scholarlydata/organisation/university-of-cambridge,0,0,0,0,0,0,0,0,0,0,0,0,0,0,0,0,0,0,0,0,0,0,0,0,0
190,https://w3id.org/scholarlydata/organisation/university-of-balamand,https://w3id.org/scholarlydata/organisation/winston-salem-state-university,0,0,0,0,0,0,0,0,0,0,0,0,0,0,0,0,0,0,0,0,0,0,0,0,0
191,https://w3id.org/scholarlydata/organisation/ag-semantic-computing-citec-university-of-bielefeld,https://w3id.org/scholarlydata/organisation/politecnico-di-milano-dipartimento-di-elettronica-e-informazione,0,0,0,0,0,0,0,0,0,0,0,0,0,0,0,0,0,0,0,0,0,0,0,0,0
192,https://w3id.org/scholarlydata/organisation/render,https://w3id.org/scholarlydata/organisation/cataloging-classification-quarterly,0,0,0,0,0,0,0,0,NaN,NaN,0,0,0,0,NaN,NaN,0,0,0,0,NaN,NaN,0,0,0
193,https://w3id.org/scholarlydata/organisation/university-of-bologna-at-forli,https://w3id.org/scholarlydata/organisation/easterngraphics-gmbh,0,0,0,0,0,0,0,0,0,0,0,0,0,0,0,0,0,0,0,0,0,0,0,0,0
194,https://w3id.org/scholarlydata/organisation/kmi-open-university,https://w3id.org/scholarlydata/organisation/university-of-goettingen,0,0,0,0,0,0,0,0,0,0,0,0,0,0,0,0,0,0,0.1666666667,0.4082482905,1,1,1,1,0
195,https://w3id.org/scholarlydata/organisation/tsinghua-u,https://w3id.org/scholarlydata/organisation/indian-institute-of-science,0,0,0,0,0,0,0,0,0,0,0,0,0,0,0,0,0,0,0,0,0,0,0,0,0
196,https://w3id.org/scholarlydata/organisation/kom-university-darmstadt,https://w3id.org/scholarlydata/organisation/ecole-de-medecine-75006-paris-france,0,0,0,0,0,0,0,0,0,0,0,0,0,0,0,0,0,0,0,0,0,0,0,0,0
197,https://w3id.org/scholarlydata/organisation/cambridge-semantics,https://w3id.org/scholarlydata/organisation/expert-system,0,0,0,0,0,0,0,0,0,0,0,0,0,0,0,0,0,0,0,0,0,0,0,0,0
198,https://w3id.org/scholarlydata/organisation/university-of-goettingen,https://w3id.org/scholarlydata/organisation/umr-cnrs-5516-universite-jean-monnet,0,0,0,0,0,0,0,0,0,0,0,0,0,0,0,0,0,0,0,0,0,0,0,0,0
199,https://w3id.org/scholarlydata/organisation/dsic-upv,https://w3id.org/scholarlydata/organisation/ibm-research-usa,0,0,0,0,0,0,0,0,0,0,0,0,0,0,0,0,0,0,0,0,0,0,0,0,0
200,https://w3id.org/scholarlydata/organisation/lip6-universite-pierre-et-marie-curie,https://w3id.org/scholarlydata/organisation/university-of-tartu,0,0,0,0,0,0,0,0,0,0,0,0,0,0,0,0,0,0,0.25,0.5,0.5,0.7071067812,1,1,0
201,https://w3id.org/scholarlydata/organisation/indian-institute-of-technology,https://w3id.org/scholarlydata/organisation/reinvent-technology,0,0,0,0,0,0,0,0,0,0,0,0,0,0,0,0,0,0,0,0,0,0,0,0,0
202,https://w3id.org/scholarlydata/organisation/university-of-illinois-at-chicago,https://w3id.org/scholarlydata/organisation/ontology-engineering-group-universidad-politecnica,0,0,0,0,0,0,0,0,0,0,0,0,0,0,0,0,0,0,0.1538461538,0.3922322703,0.5714285714,0.755928946,1,1,0
203,https://w3id.org/scholarlydata/organisation/goldsmiths-college-university-of-london,https://w3id.org/scholarlydata/organisation/national-insititute-of-advanced-industrial-science-and-technology-japan,0,0,0,0,0,0,0,0,0,0,0,0,0,0,0,0,0,0,0,0,0,0,0,0,0
204,https://w3id.org/scholarlydata/organisation/free-university-amsterdam,https://w3id.org/scholarlydata/organisation/indian-institute-of-technology-kharagpur,0,0,0,0,0,0,0,0,0,0,0,0,0,0,0,0,0,0,0.3333333333,0.5773502692,1,1,1,1,0
205,https://w3id.org/scholarlydata/organisation/digital-pebble-ltd,https://w3id.org/scholarlydata/organisation/sandia-national-laboratories,0,0,0,0,0,0,0,0,0,0,0,0,0,0,0,0,0,0,0,0,0,0,0,0,0
206,https://w3id.org/scholarlydata/organisation/university-of-montpellier,https://w3id.org/scholarlydata/organisation/digital-curation-unit-athena-research-centre,0,0,0,0,0,0,0,0,0,0,0,0,0,0,0,0,0,0,0,0,0,0,0,0,0
207,https://w3id.org/scholarlydata/organisation/university-pantheon---sorbonne-paris-i,https://w3id.org/scholarlydata/organisation/ibm-deutschland-entwicklungs-gmbh,0,0,0,0,0,0,0,0,0,0,0,0,0,0,0,0,0,0,0,0,0,0,0,0,0
208,https://w3id.org/scholarlydata/organisation/dfki-gmbh-kaiserslautern-germany,https://w3id.org/scholarlydata/organisation/politenico-di-milano,0,0,0,0,0,0,0,0,0,0,0,0,0,0,0,0,0,0,1,1,1,1,1,1,0
209,https://w3id.org/scholarlydata/organisation/wolters-kluwer,https://w3id.org/scholarlydata/organisation/vrije-universiteit-brussel,0,0,0,0,0,0,0,0,0,0,0,0,0,0,0,0,0,0,0,0,0,0,0,0,0
210,https://w3id.org/scholarlydata/organisation/ilc-cnr-pisa,https://w3id.org/scholarlydata/organisation/open-university-of-the-netherlands,0,0,0,0,0,0,0,0,0,0,0,0,0,0,0,0,0,0,0,0,0,0,0,0,0
211,https://w3id.org/scholarlydata/organisation/yahoo-inc,https://w3id.org/scholarlydata/organisation/harokopio-university,0,0,0,0,0,0,0,0,0,0,0,0,0,0,0,0,0,0,0,0,0,0,0,0,0
212,https://w3id.org/scholarlydata/organisation/ebay-inc,https://w3id.org/scholarlydata/organisation/sti-international,0,0,0,0,0,0,0,0,0,0,0,0,0,0,0,0,0,0,0,0,0,0,0,0,0
213,https://w3id.org/scholarlydata/organisation/rulecore,https://w3id.org/scholarlydata/organisation/beijing-university,0,0,0,0,0,0,0,0,0,0,0,0,0,0,0,0,0,0,0,0,0,0,0,0,0
214,https://w3id.org/scholarlydata/organisation/self,https://w3id.org/scholarlydata/organisation/ebay-inc,0,0,0,0,0,0,0,0,0,0,0,0,0,0,0,0,0,0,0,0,0,0,0,0,0
215,https://w3id.org/scholarlydata/organisation/florida-institute-for-human-and-machine-cognition,https://w3id.org/scholarlydata/organisation/buaa,0,0,0,0,0,0,0,0,0,0,0,0,0,0,0,0,0,0,0,0,0,0,0,0,0
216,https://w3id.org/scholarlydata/organisation/linkopping-university,https://w3id.org/scholarlydata/organisation/irisa-insa-rennes,0,0,0,0,0,0,0,0,NaN,NaN,0,0,0,0,NaN,NaN,0,0,0,0,NaN,NaN,0,0,0
217,https://w3id.org/scholarlydata/organisation/innova,https://w3id.org/scholarlydata/organisation/seevl,0,0,0,0,0,0,0,0,0,0,0,0,0,0,0,0,0,0,0,0,0,0,0,0,0
218,https://w3id.org/scholarlydata/organisation/the-hebrew-university,https://w3id.org/scholarlydata/organisation/hewlett-packard-usa,0,0,0,0,0,0,0,0,0,0,0,0,0,0,0,0,0,0,0,0,0,0,0,0,0
219,https://w3id.org/scholarlydata/organisation/university-of-karlsruhe-southeast-university,https://w3id.org/scholarlydata/organisation/alcatel-lucent-bell-labs-france,0,0,0,0,0,0,0,0,0,0,0,0,0,0,0,0,0,0,0,0,0,0,0,0,0
220,https://w3id.org/scholarlydata/organisation/motorola-labs,https://w3id.org/scholarlydata/organisation/agro-paris-tech,0,0,0,0,0,0,0,0,0,0,0,0,0,0,0,0,0,0,0,0,0,0,0,0,0
221,https://w3id.org/scholarlydata/organisation/swirrl-it-limited,https://w3id.org/scholarlydata/organisation/university-of-bucharest,0,0,0,0,0,0,0,0,0,0,0,0,0,0,0,0,0,0,0,0,0,0,0,0,0
222,https://w3id.org/scholarlydata/organisation/deutsche-telekom-labs-berlin-university-of-technol,https://w3id.org/scholarlydata/organisation/university-of-targu-mures,0,0,0,0,0,0,0,0,0,0,0,0,0,0,0,0,0,0,0,0,0,0,0,0,0
223,https://w3id.org/scholarlydata/organisation/garlik,https://w3id.org/scholarlydata/organisation/toulouse-university,0,0,0,0,0,0,0,0,0,0,0,0,0,0,0,0,0,0,0,0,0,0,0,0,0
224,https://w3id.org/scholarlydata/organisation/knoesis-center-usa,https://w3id.org/scholarlydata/organisation/issco-university-of-geneva,0,0,0,0,0,0,0,0,0,0,0,0,0,0,0,0,0,0,0,0,0,0,0,0,0
225,https://w3id.org/scholarlydata/organisation/fraunhofer-fokus,https://w3id.org/scholarlydata/organisation/y-labs,0,0,0,0,0,0,0,0,0,0,0,0,0,0,0,0,0,0,0.5,0.7071067812,1,1,1,1,0
226,https://w3id.org/scholarlydata/organisation/taxonomy-strategies,https://w3id.org/scholarlydata/organisation/j-stefan-institute-ljubljana,0,0,0,0,0,0,0,0,0,0,0,0,0,0,0,0,0,0,0,0,0,0,0,0,0
227,https://w3id.org/scholarlydata/organisation/ips-institute-of-phonetics-and-speech-processing,https://w3id.org/scholarlydata/organisation/university-of-hasselt,0,0,0,0,0,0,0,0,0,0,0,0,0,0,0,0,0,0,0,0,0,0,0,0,0
228,https://w3id.org/scholarlydata/organisation/universitat-pompeu-fabra,https://w3id.org/scholarlydata/organisation/mitre-corporation,0,0,0,0,0,0,0,0,0,0,0,0,0,0,0,0,0,0,0,0,0,0,0,0,0
229,https://w3id.org/scholarlydata/organisation/dipartimento-di-elettronica-e-informazione-politecnico-di-milano,https://w3id.org/scholarlydata/organisation/electricite-de-france,0,0,0,0,0,0,0,0,0,0,0,0,0,0,0,0,0,0,0,0,0,0,0,0,0
230,https://w3id.org/scholarlydata/organisation/labseb-cnr,https://w3id.org/scholarlydata/organisation/universite-de-lyon-cnrs-universite-lyon-1-liris-umr5205-f-69622,0,0,0,0,0,0,0,0,0,0,0,0,0,0,0,0,0,0,0,0,0,0,0,0,0
231,https://w3id.org/scholarlydata/organisation/nord-software-consulting,https://w3id.org/scholarlydata/organisation/l2f-inesc-id-clul-lisboa,0,0,0,0,0,0,0,0,0,0,0,0,0,0,0,0,0,0,0,0,0,0,0,0,0
232,https://w3id.org/scholarlydata/organisation/exalead,https://w3id.org/scholarlydata/organisation/ecole-des-mines-de-saint-etienne,0,0,0,0,0,0,0,0,0,0,0,0,0,0,0,0,0,0,0.2222222222,0.4714045208,0.4,0.632455532,1,1,0
233,https://w3id.org/scholarlydata/organisation/csiro-ict-canberra,https://w3id.org/scholarlydata/organisation/university-of-california-los-angeles,0,0,0,0,0,0,0,0,0,0,0,0,0,0,0,0,0,0,0,0,0,0,0,0,0
234,https://w3id.org/scholarlydata/organisation/nuance-communications,https://w3id.org/scholarlydata/organisation/chalmers-university-gothenburg,0,0,0,0,0,0,0,0,0,0,0,0,0,0,0,0,0,0,0,0,0,0,0,0,0
235,https://w3id.org/scholarlydata/organisation/deutsche-welle-strategy-marketing-distribution-new-media,https://w3id.org/scholarlydata/organisation/emory-university,0,0,0,0,0,0,0,0,0,0,0,0,0,0,0,0,0,0,0.2,0.4472135955,1,1,1,1,0
236,https://w3id.org/scholarlydata/organisation/epfl,https://w3id.org/scholarlydata/organisation/harokopio-university,0,0,0,0,0,0,0,0,0,0,0,0,0,0,0,0,0,0,0.05,0.2236067977,1,1,1,1,0
237,https://w3id.org/scholarlydata/organisation/max-planck-institute-for-psycholinguistics,https://w3id.org/scholarlydata/organisation/institute-of-genomics-and-systems-biology-university-of-chicago,0,0,0,0,0,0,0,0,0,0,0,0,0,0,0,0,0,0,0,0,0,0,0,0,0
238,https://w3id.org/scholarlydata/organisation/crs4,https://w3id.org/scholarlydata/organisation/university-of-louvain,0,0,0,0,0,0,0,0,0,0,0,0,0,0,0,0,0,0,0,0,0,0,0,0,0
239,https://w3id.org/scholarlydata/organisation/criteo-r-d,https://w3id.org/scholarlydata/organisation/university-of-reading,0,0,0,0,0,0,0,0,0,0,0,0,0,0,0,0,0,0,0,0,0,0,0,0,0
240,https://w3id.org/scholarlydata/organisation/jena-university-julie-lab,https://w3id.org/scholarlydata/organisation/universite-de-lyon-saint-etienne-laboratoire-hubert-curien,0,0,0,0,0,0,0,0,0,0,0,0,0,0,0,0,0,0,0,0,0,0,0,0,0
241,https://w3id.org/scholarlydata/organisation/ecole-nationale-superieure-des-mines-fayol-ensmse-lsti,https://w3id.org/scholarlydata/organisation/arcelormittal-asturias,0,0,0,0,0,0,0,0,0,0,0,0,0,0,0,0,0,0,0,0,0,0,0,0,0
242,https://w3id.org/scholarlydata/organisation/university-of-amsterdam-vu-university-amsterdam,https://w3id.org/scholarlydata/organisation/galaxy-express,0,0,0,0,0,0,0,0,NaN,NaN,0,0,0,0,NaN,NaN,0,0,0,0,NaN,NaN,0,0,0
243,https://w3id.org/scholarlydata/organisation/national-centre-for-text-mining-university-of-manc,https://w3id.org/scholarlydata/organisation/visa-inc,0,0,0,0,0,0,0,0,0,0,0,0,0,0,0,0,0,0,0,0,0,0,0,0,0
244,https://w3id.org/scholarlydata/organisation/fondazione-bruno-kessler---fbk-irst,https://w3id.org/scholarlydata/organisation/digital-pebble-ltd,0,0,0,0,0,0,0,0,0,0,0,0,0,0,0,0,0,0,0,0,0,0,0,0,0
245,https://w3id.org/scholarlydata/organisation/krdb,https://w3id.org/scholarlydata/organisation/inria-saclay-ile-de-france-and-lri-universite-paris-sud-11,0,0,0,0,0,0,0,0,0,0,0,0,0,0,0,0,0,0,0,0,0,0,0,0,0
246,https://w3id.org/scholarlydata/organisation/universite-paris-nord,https://w3id.org/scholarlydata/organisation/university-of-patras,0,0,0,0,0,0,0,0,0,0,0,0,0,0,0,0,0,0,0.3333333333,0.5773502692,1,1,1,1,0
247,https://w3id.org/scholarlydata/organisation/heriot-watt-university,https://w3id.org/scholarlydata/organisation/linkopping-university,0,0,0,0,0,0,0,0,NaN,NaN,0,0,0,0,NaN,NaN,0,0,0,0,NaN,NaN,0,0,0
248,https://w3id.org/scholarlydata/organisation/crim,https://w3id.org/scholarlydata/organisation/deutsche-welle,0,0,0,0,0,0,0,0,0,0,0,0,0,0,0,0,0,0,0,0,0,0,0,0,0
249,https://w3id.org/scholarlydata/organisation/department-of-computer-science-karachi-university,https://w3id.org/scholarlydata/organisation/universidad-de-granada,0,0,0,0,0,0,0,0,0,0,0,0,0,0,0,0,0,0,0,0,0,0,0,0,0
250,https://w3id.org/scholarlydata/organisation/department-of-computing-and-information-technology-fudan-university,https://w3id.org/scholarlydata/organisation/inria-score,0,0,0,0,0,0,0,0,0,0,0,0,0,0,0,0,0,0,0,0,0,0,0,0,0
251,https://w3id.org/scholarlydata/organisation/lip6-upmc,https://w3id.org/scholarlydata/organisation/open-universiteit,0,0,0,0,0,0,0,0,0,0,0,0,0,0,0,0,0,0,0,0,0,0,0,0,0
252,https://w3id.org/scholarlydata/organisation/cis-university-of-munich-lmu,https://w3id.org/scholarlydata/organisation/imperial-university,0,0,0,0,0,0,0,0,0,0,0,0,0,0,0,0,0,0,0,0,0,0,0,0,0
253,https://w3id.org/scholarlydata/organisation/vassar-college,https://w3id.org/scholarlydata/organisation/shanghai-jiao-tong-university-china,0,0,0,0,0,0,0,0,0,0,0,0,0,0,0,0,0,0,0,0,0,0,0,0,0
254,https://w3id.org/scholarlydata/organisation/universita-degli-studi-roma-tre,https://w3id.org/scholarlydata/organisation/virginia-tech,0,0,0,0,0,0,0,0,0,0,0,0,0,0,0,0,0,0,0,0,0,0,0,0,0
255,https://w3id.org/scholarlydata/organisation/upm,https://w3id.org/scholarlydata/organisation/university-of-oslo,0,0,0,0,0,0,0,0,0,0,0,0,0,0,0,0,0,0,0.3,0.5477225575,0.5,0.7071067812,1,1,0
256,https://w3id.org/scholarlydata/organisation/universidad-de-chile-computer-science-department,https://w3id.org/scholarlydata/organisation/institute-of-historical-research,0,0,0,0,0,0,0,0,0,0,0,0,0,0,0,0,0,0,0,0,0,0,0,0,0
257,https://w3id.org/scholarlydata/organisation/dept-of-eecs-and-school-of-information-university-of-michigan,https://w3id.org/scholarlydata/organisation/deri-nui-galway,0,0,0,0,0,0,0,0,0,0,0,0,0,0,0,0,0,0,0.0208333333,0.1443375673,0.5,0.7071067812,1,1,0
258,https://w3id.org/scholarlydata/organisation/drrt-lorraine,https://w3id.org/scholarlydata/organisation/linkping-university,0,0,0,0,0,0,0,0,0,0,0,0,0,0,0,0,0,0,0,0,0,0,0,0,0
259,https://w3id.org/scholarlydata/organisation/nxp,https://w3id.org/scholarlydata/organisation/university-of-castilla-la-mancha,0,0,0,0,0,0,0,0,0,0,0,0,0,0,0,0,0,0,0,0,0,0,0,0,0
260,https://w3id.org/scholarlydata/organisation/government-of-south-australia,https://w3id.org/scholarlydata/organisation/rutgers-university,0,0,0,0,0,0,0,0,0,0,0,0,0,0,0,0,0,0,0,0,0,0,0,0,0
261,https://w3id.org/scholarlydata/organisation/software-engineering-institute-east-china-normal-university,https://w3id.org/scholarlydata/organisation/samsung-sisa,0,0,0,0,0,0,0,0,0,0,0,0,0,0,0,0,0,0,0,0,0,0,0,0,0
262,https://w3id.org/scholarlydata/organisation/nrc-institute-of-information-technology,https://w3id.org/scholarlydata/organisation/universitat-bremen,0,0,0,0,0,0,0,0,0,0,0,0,0,0,0,0,0,0,0,0,0,0,0,0,0
263,https://w3id.org/scholarlydata/organisation/jozef-stefan-institute,https://w3id.org/scholarlydata/organisation/montpellier-2-university,0,0,0,0,0,0,0,0,0,0,0,0,0,0,0,0,0,0,0.0588235294,0.242535625,0.5,0.7071067812,1,1,0
264,https://w3id.org/scholarlydata/organisation/laboratoire-prism-universite-de-versailles,https://w3id.org/scholarlydata/organisation/british-columbia-cancer-research-centre,0,0,0,0,0,0,0,0,0,0,0,0,0,0,0,0,0,0,0,0,0,0,0,0,0
265,https://w3id.org/scholarlydata/organisation/vrije-universiteit-amsterdam-the-netherlands,https://w3id.org/scholarlydata/organisation/ecole-polytechnique-federale-de-lausanne,0,0,0,0,0,0,0,0,0,0,0,0,0,0,0,0,0,0,0.025,0.158113883,1,1,1,1,0
266,https://w3id.org/scholarlydata/organisation/dataxu-inc,https://w3id.org/scholarlydata/organisation/semantic-arts-inc,0,0,0,0,0,0,0,0,0,0,0,0,0,0,0,0,0,0,0,0,0,0,0,0,0
267,https://w3id.org/scholarlydata/organisation/department-of-social-informatics-graduate-school-of-informatics-kyoto-university,https://w3id.org/scholarlydata/organisation/universita-di-modena-e-reggio-emilia,0,0,0,0,0,0,0,0,0,0,0,0,0,0,0,0,0,0,0,0,0,0,0,0,0
268,https://w3id.org/scholarlydata/organisation/poznan-university,https://w3id.org/scholarlydata/organisation/beihang-university,0,0,0,0,0,0,0,0,0,0,0,0,0,0,0,0,0,0,0,0,0,0,0,0,0
269,https://w3id.org/scholarlydata/organisation/royal-military-college-of-canada,https://w3id.org/scholarlydata/organisation/ludwig-maximilian-university-of-munich,0,0,0,0,0,0,0,0,0,0,0,0,0,0,0,0,0,0,0.25,0.5,1,1,1,1,0
270,https://w3id.org/scholarlydata/organisation/inria-and-lirmm,https://w3id.org/scholarlydata/organisation/university-of-calabria,0,0,0,0,0,0,0,0,0,0,0,0,0,0,0,0,0,0,0.1111111111,0.3333333333,1,1,1,1,0
271,https://w3id.org/scholarlydata/organisation/universitat-pompeu-fabra-web-and-nlp-reseach-groups,https://w3id.org/scholarlydata/organisation/lekscnr-roma,0,0,0,0,0,0,0,0,NaN,NaN,0,0,0,0,NaN,NaN,0,0,0,0,NaN,NaN,0,0,0
272,https://w3id.org/scholarlydata/organisation/rice-university,https://w3id.org/scholarlydata/organisation/universite-gaston-berger-senegal,0,0,0,0,0,0,0,0,0,0,0,0,0,0,0,0,0,0,0,0,0,0,0,0,0
273,https://w3id.org/scholarlydata/organisation/vassar-college,https://w3id.org/scholarlydata/organisation/lingomotors,0,0,0,0,0,0,0,0,0,0,0,0,0,0,0,0,0,0,1,1,1,1,1,1,0
274,https://w3id.org/scholarlydata/organisation/irisa-universite-rennes-1-enssat,https://w3id.org/scholarlydata/organisation/dublin-core-metadata-initiative,0,0,0,0,0,0,0,0,0,0,0,0,0,0,0,0,0,0,0,0,0,0,0,0,0
275,https://w3id.org/scholarlydata/organisation/fzi-forschungszentruminformatik,https://w3id.org/scholarlydata/organisation/nus,0,0,0,0,0,0,0,0,0,0,0,0,0,0,0,0,0,0,0,0,0,0,0,0,0
276,https://w3id.org/scholarlydata/organisation/university-of-rio-de-janeiro,https://w3id.org/scholarlydata/organisation/ibm-china-research-lab,0,0,0,0,0,0,0,0,0,0,0,0,0,0,0,0,0,0,0,0,0,0,0,0,0
277,https://w3id.org/scholarlydata/organisation/north-carolina-state-university,https://w3id.org/scholarlydata/organisation/la-plata-university,0,0,0,0,0,0,0,0,0,0,0,0,0,0,0,0,0,0,0,0,0,0,0,0,0
278,https://w3id.org/scholarlydata/organisation/institute-of-computer-science-forth-ics-greece,https://w3id.org/scholarlydata/organisation/icsi,0,0,0,0,0,0,0,0,0,0,0,0,0,0,0,0,0,0,0,0,0,0,0,0,0
279,https://w3id.org/scholarlydata/organisation/ksoftware,https://w3id.org/scholarlydata/organisation/ariadnext,0,0,0,0,0,0,0,0,NaN,NaN,0,0,0,0,NaN,NaN,0,0,0,0,NaN,NaN,0,0,0
280,https://w3id.org/scholarlydata/organisation/ritsumeikan-university,https://w3id.org/scholarlydata/organisation/thai-computational-linguistics-laboratory,0,0,0,0,0,0,0,0,0,0,0,0,0,0,0,0,0,0,0.3333333333,0.5773502692,1,1,1,1,0
281,https://w3id.org/scholarlydata/organisation/delft-university-of-technology,https://w3id.org/scholarlydata/organisation/hltri-at-utd,0,0,0,0,0,0,0,0,0,0,0,0,0,0,0,0,0,0,0,0,0,0,0,0,0
282,https://w3id.org/scholarlydata/organisation/aalto-university-and-university-of-helsinki,https://w3id.org/scholarlydata/organisation/university-of-applied-sciences-of-the-saarland,0,0,0,0,0,0,0,0,0,0,0,0,0,0,0,0,0,0,0,0,0,0,0,0,0
283,https://w3id.org/scholarlydata/organisation/lipn-universite-paris-13,https://w3id.org/scholarlydata/organisation/deutsche-nationalbibliothek,0,0,0,0,0,0,0,0,0,0,0,0,0,0,0,0,0,0,0,0,0,0,0,0,0
284,https://w3id.org/scholarlydata/organisation/vietnam-national-university-of-hanoi,https://w3id.org/scholarlydata/organisation/jobe-microsystems-university-of-guelph,0,0,0,0,0,0,0,0,0,0,0,0,0,0,0,0,0,0,0,0,0,0,0,0,0
285,https://w3id.org/scholarlydata/organisation/university-of-milano,https://w3id.org/scholarlydata/organisation/jsi,0,0,0,0,0,0,0,0,0,0,0,0,0,0,0,0,0,0,0,0,0,0,0,0,0
286,https://w3id.org/scholarlydata/organisation/the-national-board-of-antiquities,https://w3id.org/scholarlydata/organisation/universitaet-mannheim-institut-fuer-informatik,0,0,0,0,0,0,0,0,0,0,0,0,0,0,0,0,0,0,0,0,0,0,0,0,0
287,https://w3id.org/scholarlydata/organisation/university-of-lyon,https://w3id.org/scholarlydata/organisation/intap,0,0,0,0,0,0,0,0,0,0,0,0,0,0,0,0,0,0,0.3333333333,0.5773502692,0.5,0.7071067812,1,1,0
288,https://w3id.org/scholarlydata/organisation/department-of-computer-science-university-of-sheff,https://w3id.org/scholarlydata/organisation/taslab-informatica-trentina-spa,0,0,0,0,0,0,0,0,0,0,0,0,0,0,0,0,0,0,0,0,0,0,0,0,0
289,https://w3id.org/scholarlydata/organisation/buddycloud,https://w3id.org/scholarlydata/organisation/institute-for-cognitive-sciences-and-technology-na,0,0,0,0,0,0,0,0,0,0,0,0,0,0,0,0,0,0,0,0,0,0,0,0,0
290,https://w3id.org/scholarlydata/organisation/renault-sas,https://w3id.org/scholarlydata/organisation/maastricht-university,0,0,0,0,0,0,0,0,0,0,0,0,0,0,0,0,0,0,0,0,0,0,0,0,0
291,https://w3id.org/scholarlydata/organisation/nsf,https://w3id.org/scholarlydata/organisation/heriot-watt-university,0,0,0,0,0,0,0,0,0,0,0,0,0,0,0,0,0,0,0,0,0,0,0,0,0
